Name,Age,Gender,Department,Salary,Join_Date,Performance_Score,Promoted
Person_1,35,Female,IT,78197,2010-01-03,4.49,0
Person_2,54,Male,Finance,109386,2010-01-10,1.34,1
Person_3,62,Female,Marketing,40942,2010-01-17,4.66,0
Person_4,37,Female,IT,116358,2010-01-24,4.94,0
Person_5,22,Female,IT,111631,2010-01-31,1.17,0
Person_6,47,Male,Marketing,101700,2010-02-07,3.21,0
Person_7,36,Male,HR,71755,2010-02-14,2.16,1
Person_8,44,Male,IT,83701,2010-02-21,2.79,1
Person_9,28,Male,Marketing,34094,2010-02-28,2.53,1
Person_10,23,Female,Finance,102348,2010-03-07,4.98,0
Person_11,38,Female,Marketing,40875,2010-03-14,1.78,1
Person_12,30,Female,Marketing,84912,2010-03-21,4.93,1
Person_13,20,Female,Finance,102646,2010-03-28,2.2,0
Person_14,35,Male,Finance,108724,2010-04-04,3.66,1
Person_15,55,Female,HR,108176,2010-04-11,2.42,0
Person_16,58,Female,Marketing,67708,2010-04-18,3.55,0
Person_17,44,Male,HR,86926,2010-04-25,1.15,1
Person_18,45,Female,Finance,44015,2010-05-02,1.82,1
Person_19,22,Male,Marketing,94465,2010-05-09,2.15,1
Person_20,41,Female,HR,60613,2010-05-16,2.49,0
Person_21,35,Male,Finance,68277,2010-05-23,1.58,0
Person_22,55,Male,Finance,53411,2010-05-30,2.16,1
Person_23,65,Male,Finance,47456,2010-06-06,2.97,0
Person_24,42,Female,IT,37959,2010-06-13,3.77,1
Person_25,54,Male,Marketing,72809,2010-06-20,4.14,0
Person_26,18,Male,Finance,69345,2010-06-27,4.45,0
Person_27,24,Female,Marketing,110710,2010-07-04,3.3,1
Person_28,20,Male,Marketing,95103,2010-07-11,3.4,0
Person_29,42,Male,Finance,61493,2010-07-18,2.55,0
Person_30,19,Female,IT,46437,2010-07-25,1.93,1
Person_31,35,Male,Marketing,35940,2010-08-01,2.97,0
Person_32,32,Female,HR,45750,2010-08-08,1.97,0
Person_33,21,Male,Finance,89805,2010-08-15,3.23,1
Person_34,22,Male,Finance,58414,2010-08-22,4.16,0
Person_35,39,Female,HR,117940,2010-08-29,2.23,0
Person_36,28,Female,IT,50872,2010-09-05,1.95,0
Person_37,39,Male,Finance,85955,2010-09-12,2.46,0
Person_38,21,Female,HR,107704,2010-09-19,3.6,0
Person_39,38,Male,IT,91398,2010-09-26,1.71,0
Person_40,31,Male,Marketing,88432,2010-10-03,3.15,0
Person_41,38,Male,Marketing,49538,2010-10-10,3.52,1
Person_42,53,Male,Finance,99007,2010-10-17,2.45,1
Person_43,40,Male,Finance,48097,2010-10-24,4.6,0
Person_44,48,Female,Marketing,101448,2010-10-31,4.01,1
Person_45,62,Male,Finance,82288,2010-11-07,1.32,1
Person_46,54,Male,HR,55566,2010-11-14,4.73,1
Person_47,40,Female,HR,53894,2010-11-21,4.48,1
Person_48,33,Male,IT,53873,2010-11-28,3.91,1
Person_49,29,Female,IT,37033,2010-12-05,4.34,1
Person_50,22,Male,Marketing,99613,2010-12-12,4.42,0
Person_51,36,Male,Finance,106530,2010-12-19,3.4,0
Person_52,44,Male,HR,74574,2010-12-26,3.91,0
Person_53,33,Male,IT,98761,2011-01-02,3.98,1
Person_54,53,Male,IT,85291,2011-01-09,3.79,0
Person_55,47,Male,Finance,49889,2011-01-16,2.36,0
Person_56,41,Male,Finance,68949,2011-01-23,4.47,0
Person_57,37,Male,IT,58175,2011-01-30,1.46,1
Person_58,60,Female,Finance,74381,2011-02-06,3.9,0
Person_59,47,Female,IT,96767,2011-02-13,2.85,0
Person_60,19,Female,Marketing,46819,2011-02-20,4.53,0
Person_61,21,Female,HR,40850,2011-02-27,2.25,1
Person_62,46,Male,Marketing,93606,2011-03-06,2.46,0
Person_63,31,Female,HR,86496,2011-03-13,4.24,1
Person_64,62,Female,Finance,68368,2011-03-20,3.4,0
Person_65,57,Female,IT,62803,2011-03-27,1.42,1
Person_66,33,Female,IT,59737,2011-04-03,3.84,0
Person_67,43,Male,HR,30158,2011-04-10,1.86,1
Person_68,34,Female,Finance,63226,2011-04-17,4.46,0
Person_69,27,Female,Finance,73736,2011-04-24,3.67,1
Person_70,32,Female,IT,33314,2011-05-01,4.52,0
Person_71,29,Female,HR,99738,2011-05-08,4.89,1
Person_72,63,Male,Finance,51337,2011-05-15,4.42,1
Person_73,21,Female,HR,81476,2011-05-22,2.28,0
Person_74,46,Female,Marketing,41569,2011-05-29,1.85,1
Person_75,28,Female,Marketing,109143,2011-06-05,1.07,0
Person_76,45,Male,Finance,92510,2011-06-12,3.04,1
Person_77,57,Male,Finance,69548,2011-06-19,1.89,0
Person_78,65,Male,Marketing,97651,2011-06-26,1.16,0
Person_79,26,Female,HR,98961,2011-07-03,3.9,1
Person_80,22,Female,Marketing,85162,2011-07-10,4.22,1
Person_81,49,Male,HR,88251,2011-07-17,2.6,0
Person_82,47,Female,IT,33602,2011-07-24,1.6,1
Person_83,34,Female,Marketing,41674,2011-07-31,1.89,1
Person_84,21,Female,Marketing,68976,2011-08-07,4.57,1
Person_85,62,Female,IT,59914,2011-08-14,4.88,1
Person_86,29,Female,Finance,115179,2011-08-21,4.14,0
Person_87,38,Female,HR,74400,2011-08-28,4.05,0
Person_88,58,Male,Marketing,41873,2011-09-04,1.22,1
Person_89,39,Male,Marketing,56070,2011-09-11,2.05,1
Person_90,21,Female,IT,116372,2011-09-18,3.11,0
Person_91,29,Female,Finance,34198,2011-09-25,3.73,0
Person_92,31,Female,HR,102453,2011-10-02,3.51,1
Person_93,37,Female,IT,61278,2011-10-09,3.03,0
Person_94,18,Female,HR,66467,2011-10-16,2.39,0
Person_95,54,Female,HR,103272,2011-10-23,2.53,1
Person_96,50,Male,Finance,88631,2011-10-30,2.03,0
Person_97,19,Male,IT,43555,2011-11-06,2.83,1
Person_98,61,Male,Marketing,101017,2011-11-13,4.63,1
Person_99,37,Female,Finance,82170,2011-11-20,1.44,1
Person_100,31,Female,IT,32646,2011-11-27,4.27,0
Person_101,26,Female,HR,95673,2011-12-04,4.38,0
Person_102,40,Female,HR,116305,2011-12-11,2.71,0
Person_103,28,Female,IT,106362,2011-12-18,4.96,1
Person_104,62,Female,Marketing,78830,2011-12-25,3.05,0
Person_105,46,Female,Marketing,67071,2012-01-01,3.38,1
Person_106,38,Female,Finance,96818,2012-01-08,1.16,1
Person_107,54,Female,Marketing,103531,2012-01-15,1.67,0
Person_108,32,Female,Finance,117235,2012-01-22,3.49,1
Person_109,20,Male,Marketing,31539,2012-01-29,2.73,0
Person_110,52,Male,Finance,85932,2012-02-05,4.73,1
Person_111,29,Female,IT,79232,2012-02-12,4.4,1
Person_112,28,Male,Marketing,88777,2012-02-19,3.79,0
Person_113,23,Female,IT,81839,2012-02-26,3.68,1
Person_114,61,Male,Finance,95152,2012-03-04,1.53,0
Person_115,32,Male,Finance,45986,2012-03-11,1.29,1
Person_116,56,Female,HR,75548,2012-03-18,4.63,1
Person_117,32,Female,HR,98726,2012-03-25,3.01,0
Person_118,61,Female,Finance,97630,2012-04-01,2.84,0
Person_119,42,Female,IT,99770,2012-04-08,3.86,1
Person_120,65,Female,Finance,31771,2012-04-15,1.66,1
Person_121,63,Male,Marketing,114964,2012-04-22,2.64,0
Person_122,22,Female,Finance,56548,2012-04-29,2.54,1
Person_123,31,Male,Marketing,69508,2012-05-06,1.6,1
Person_124,62,Female,HR,43063,2012-05-13,4.44,1
Person_125,42,Female,Finance,95505,2012-05-20,4.17,0
Person_126,61,Female,HR,112463,2012-05-27,2.6,0
Person_127,46,Female,Finance,30138,2012-06-03,4.27,0
Person_128,18,Male,HR,58223,2012-06-10,4.5,0
Person_129,47,Female,HR,91755,2012-06-17,4.57,1
Person_130,58,Male,Finance,48729,2012-06-24,4.63,0
Person_131,41,Male,Marketing,64721,2012-07-01,3.48,0
Person_132,27,Female,Finance,44256,2012-07-08,4.48,1
Person_133,60,Male,Marketing,105246,2012-07-15,3.75,0
Person_134,60,Male,IT,114075,2012-07-22,4.42,1
Person_135,61,Male,IT,116507,2012-07-29,1.73,0
Person_136,37,Male,Finance,84075,2012-08-05,4.24,1
Person_137,53,Male,Marketing,35451,2012-08-12,3.11,1
Person_138,47,Male,HR,99854,2012-08-19,2.95,1
Person_139,22,Male,Finance,110951,2012-08-26,2.38,1
Person_140,22,Female,Marketing,41347,2012-09-02,2.35,0
Person_141,30,Male,IT,39220,2012-09-09,4.65,0
Person_142,60,Female,Marketing,34334,2012-09-16,3.65,0
Person_143,43,Male,Marketing,111567,2012-09-23,3.35,0
Person_144,56,Male,Marketing,113351,2012-09-30,1.1,1
Person_145,57,Male,HR,32868,2012-10-07,3.92,0
Person_146,58,Male,Finance,44719,2012-10-14,3.57,0
Person_147,51,Male,HR,100275,2012-10-21,3.62,1
Person_148,57,Female,Finance,76958,2012-10-28,2.81,1
Person_149,36,Female,Finance,49081,2012-11-04,4.44,0
Person_150,35,Male,Finance,80614,2012-11-11,4.84,0
Person_151,47,Female,Marketing,62678,2012-11-18,2.81,0
Person_152,54,Male,Finance,108940,2012-11-25,2.94,0
Person_153,57,Male,Marketing,111530,2012-12-02,1.72,1
Person_154,35,Female,Marketing,73802,2012-12-09,4.99,1
Person_155,36,Female,Finance,31842,2012-12-16,4.57,0
Person_156,34,Male,HR,54651,2012-12-23,2.98,1
Person_157,39,Male,Marketing,81595,2012-12-30,2.48,0
Person_158,35,Female,HR,60045,2013-01-06,2.15,0
Person_159,37,Male,Marketing,113896,2013-01-13,4.79,0
Person_160,58,Female,HR,102980,2013-01-20,4.71,1
Person_161,22,Female,IT,57062,2013-01-27,2.32,1
Person_162,24,Male,IT,59103,2013-02-03,3.18,0
Person_163,58,Female,Marketing,118734,2013-02-10,1.43,0
Person_164,62,Female,IT,58364,2013-02-17,3.52,1
Person_165,33,Male,Marketing,41104,2013-02-24,1.52,1
Person_166,54,Male,HR,101207,2013-03-03,4.72,0
Person_167,28,Female,Marketing,118136,2013-03-10,2.94,1
Person_168,62,Male,HR,111503,2013-03-17,2.32,0
Person_169,31,Male,IT,105851,2013-03-24,4.7,0
Person_170,50,Male,IT,41353,2013-03-31,1.49,0
Person_171,24,Female,IT,86589,2013-04-07,3.14,0
Person_172,41,Male,Finance,96794,2013-04-14,1.2,1
Person_173,57,Male,Finance,72538,2013-04-21,3.77,0
Person_174,41,Male,HR,100098,2013-04-28,4.61,1
Person_175,53,Female,Marketing,83451,2013-05-05,4.47,1
Person_176,56,Female,HR,58581,2013-05-12,3.82,1
Person_177,53,Male,Finance,68124,2013-05-19,1.26,1
Person_178,60,Male,Finance,46597,2013-05-26,3.8,0
Person_179,32,Female,Finance,63830,2013-06-02,4.84,0
Person_180,20,Female,HR,56152,2013-06-09,1.63,0
Person_181,28,Female,Marketing,103290,2013-06-16,2.93,1
Person_182,34,Female,IT,31115,2013-06-23,2.04,0
Person_183,60,Male,IT,101965,2013-06-30,1.97,1
Person_184,63,Female,HR,102568,2013-07-07,2.93,0
Person_185,33,Male,IT,54991,2013-07-14,1.35,0
Person_186,35,Male,Finance,79859,2013-07-21,1.77,0
Person_187,25,Male,Finance,77032,2013-07-28,4.7,0
Person_188,18,Male,Finance,71093,2013-08-04,1.64,0
Person_189,25,Female,HR,90135,2013-08-11,3.41,1
Person_190,38,Female,Finance,40806,2013-08-18,3.98,0
Person_191,29,Female,Marketing,73547,2013-08-25,2.83,1
Person_192,60,Male,HR,34021,2013-09-01,4.82,0
Person_193,32,Female,Finance,115327,2013-09-08,3.05,0
Person_194,35,Male,Finance,114094,2013-09-15,3.17,0
Person_195,20,Female,IT,57894,2013-09-22,4.63,0
Person_196,18,Male,Finance,86737,2013-09-29,1.0,1
Person_197,53,Male,IT,68801,2013-10-06,4.47,1
Person_198,61,Female,IT,77775,2013-10-13,1.97,1
Person_199,46,Female,IT,116821,2013-10-20,4.62,0
Person_200,34,Female,Finance,41106,2013-10-27,3.15,0
Person_201,27,Male,Marketing,72858,2013-11-03,3.97,1
Person_202,31,Male,Finance,79538,2013-11-10,2.14,1
Person_203,36,Male,Marketing,45513,2013-11-17,4.55,0
Person_204,37,Male,Marketing,92243,2013-11-24,3.41,0
Person_205,50,Female,Finance,100455,2013-12-01,1.42,1
Person_206,36,Male,HR,119761,2013-12-08,3.86,1
Person_207,51,Male,HR,96329,2013-12-15,2.73,0
Person_208,31,Male,HR,91810,2013-12-22,4.22,1
Person_209,64,Female,HR,59007,2013-12-29,2.63,0
Person_210,38,Male,HR,79787,2014-01-05,3.58,1
Person_211,38,Male,Marketing,91408,2014-01-12,2.37,1
Person_212,31,Male,Marketing,49902,2014-01-19,4.19,1
Person_213,37,Female,HR,112242,2014-01-26,3.53,0
Person_214,57,Male,Finance,53639,2014-02-02,3.89,1
Person_215,60,Female,IT,98394,2014-02-09,3.62,0
Person_216,22,Female,HR,75325,2014-02-16,4.7,1
Person_217,27,Female,HR,70250,2014-02-23,1.9,1
Person_218,38,Male,Marketing,92562,2014-03-02,3.55,0
Person_219,44,Male,IT,111783,2014-03-09,3.46,1
Person_220,50,Male,Marketing,115993,2014-03-16,2.16,0
Person_221,58,Female,Finance,32676,2014-03-23,3.76,0
Person_222,47,Female,HR,76618,2014-03-30,2.9,1
Person_223,30,Female,Marketing,54758,2014-04-06,2.51,1
Person_224,53,Female,Finance,103126,2014-04-13,2.99,0
Person_225,58,Female,Finance,65829,2014-04-20,2.56,1
Person_226,41,Male,IT,67510,2014-04-27,1.22,1
Person_227,60,Female,Marketing,85850,2014-05-04,2.16,1
Person_228,44,Female,HR,75863,2014-05-11,2.9,1
Person_229,51,Male,HR,35269,2014-05-18,4.18,0
Person_230,28,Female,HR,72032,2014-05-25,4.51,1
Person_231,48,Male,HR,107283,2014-06-01,2.59,0
Person_232,65,Female,IT,77007,2014-06-08,2.08,0
Person_233,21,Male,Marketing,57206,2014-06-15,4.16,0
Person_234,54,Female,Marketing,52084,2014-06-22,3.99,1
Person_235,60,Female,IT,61549,2014-06-29,3.3,1
Person_236,18,Male,Finance,42587,2014-07-06,1.8,0
Person_237,48,Female,Finance,113309,2014-07-13,3.94,1
Person_238,64,Male,Finance,102837,2014-07-20,3.47,0
Person_239,36,Female,IT,110076,2014-07-27,2.49,1
Person_240,56,Female,Finance,47353,2014-08-03,1.96,0
Person_241,33,Male,IT,108123,2014-08-10,4.59,1
Person_242,30,Male,Finance,103855,2014-08-17,4.86,1
Person_243,62,Male,Finance,35352,2014-08-24,4.46,1
Person_244,23,Male,Finance,97180,2014-08-31,1.16,1
Person_245,23,Male,Finance,79004,2014-09-07,4.73,1
Person_246,33,Female,Marketing,67771,2014-09-14,1.16,1
Person_247,43,Female,HR,73574,2014-09-21,3.09,0
Person_248,38,Male,IT,83989,2014-09-28,2.67,1
Person_249,18,Male,IT,64218,2014-10-05,1.6,0
Person_250,55,Male,Marketing,38002,2014-10-12,3.59,0
Person_251,50,Male,HR,71961,2014-10-19,4.25,0
Person_252,29,Male,IT,93545,2014-10-26,2.41,1
Person_253,29,Female,Finance,73747,2014-11-02,4.37,0
Person_254,53,Male,IT,63656,2014-11-09,2.61,0
Person_255,21,Female,Marketing,84348,2014-11-16,4.57,1
Person_256,63,Female,HR,41626,2014-11-23,2.63,1
Person_257,39,Female,Marketing,94441,2014-11-30,4.67,0
Person_258,40,Male,Marketing,62507,2014-12-07,2.9,0
Person_259,60,Female,Finance,112190,2014-12-14,3.99,0
Person_260,30,Male,IT,45181,2014-12-21,3.82,1
Person_261,29,Female,Finance,118138,2014-12-28,3.97,0
Person_262,44,Male,HR,32474,2015-01-04,3.06,1
Person_263,29,Female,Marketing,49635,2015-01-11,3.45,1
Person_264,43,Female,HR,97392,2015-01-18,3.26,1
Person_265,46,Female,IT,109051,2015-01-25,1.82,0
Person_266,30,Male,IT,90849,2015-02-01,1.38,0
Person_267,19,Male,Finance,114127,2015-02-08,4.5,1
Person_268,29,Female,IT,54115,2015-02-15,3.63,1
Person_269,47,Female,Finance,55814,2015-02-22,3.91,0
Person_270,40,Female,Finance,47175,2015-03-01,1.42,1
Person_271,43,Female,IT,56321,2015-03-08,3.66,1
Person_272,48,Female,Finance,85101,2015-03-15,2.48,0
Person_273,51,Female,Marketing,56633,2015-03-22,3.74,1
Person_274,62,Female,Marketing,61685,2015-03-29,3.62,1
Person_275,28,Female,Marketing,94261,2015-04-05,3.98,0
Person_276,46,Female,HR,48149,2015-04-12,2.35,0
Person_277,20,Female,Marketing,88575,2015-04-19,4.1,1
Person_278,63,Female,Marketing,45377,2015-04-26,2.49,0
Person_279,59,Female,IT,76734,2015-05-03,4.81,1
Person_280,37,Male,Finance,118634,2015-05-10,4.44,1
Person_281,30,Male,HR,119067,2015-05-17,4.91,0
Person_282,58,Male,Marketing,41909,2015-05-24,2.29,0
Person_283,41,Female,IT,66583,2015-05-31,1.03,0
Person_284,60,Female,IT,91919,2015-06-07,4.4,0
Person_285,45,Female,HR,79995,2015-06-14,4.84,1
Person_286,40,Male,HR,85873,2015-06-21,2.39,1
Person_287,64,Female,HR,96768,2015-06-28,1.61,1
Person_288,21,Female,Marketing,103163,2015-07-05,4.29,1
Person_289,41,Male,Finance,87636,2015-07-12,1.86,0
Person_290,27,Female,Marketing,71358,2015-07-19,4.11,1
Person_291,39,Female,Marketing,50387,2015-07-26,4.78,0
Person_292,44,Male,Marketing,112777,2015-08-02,4.21,1
Person_293,31,Male,Marketing,76478,2015-08-09,1.52,0
Person_294,45,Male,HR,31633,2015-08-16,2.56,0
Person_295,45,Male,IT,57962,2015-08-23,4.77,1
Person_296,51,Male,Marketing,114785,2015-08-30,4.44,0
Person_297,29,Male,HR,39414,2015-09-06,2.57,0
Person_298,31,Male,Finance,32073,2015-09-13,3.79,1
Person_299,57,Female,Finance,107784,2015-09-20,4.5,0
Person_300,51,Male,Finance,32849,2015-09-27,2.14,0
Person_301,48,Male,Marketing,40167,2015-10-04,4.76,1
Person_302,34,Male,IT,86301,2015-10-11,2.41,0
Person_303,48,Male,HR,66643,2015-10-18,3.08,0
Person_304,53,Female,Marketing,97721,2015-10-25,2.09,0
Person_305,29,Male,Marketing,56759,2015-11-01,2.67,0
Person_306,30,Male,IT,32130,2015-11-08,2.03,1
Person_307,26,Male,Marketing,57183,2015-11-15,3.69,0
Person_308,57,Female,IT,93530,2015-11-22,3.41,0
Person_309,37,Female,HR,75889,2015-11-29,3.75,0
Person_310,60,Female,IT,88756,2015-12-06,4.89,1
Person_311,34,Male,Marketing,46805,2015-12-13,3.24,0
Person_312,53,Female,IT,70297,2015-12-20,2.27,0
Person_313,52,Female,IT,36058,2015-12-27,4.44,1
Person_314,62,Male,HR,112779,2016-01-03,4.59,0
Person_315,38,Female,IT,86630,2016-01-10,3.31,0
Person_316,57,Female,Finance,70648,2016-01-17,1.99,0
Person_317,42,Female,HR,99679,2016-01-24,2.84,0
Person_318,22,Female,Finance,46154,2016-01-31,4.24,0
Person_319,47,Male,HR,61968,2016-02-07,2.0,1
Person_320,31,Female,HR,109835,2016-02-14,3.81,1
Person_321,48,Female,Marketing,83021,2016-02-21,1.51,1
Person_322,53,Female,Marketing,89183,2016-02-28,4.87,0
Person_323,47,Male,Marketing,96547,2016-03-06,1.22,0
Person_324,65,Male,IT,117784,2016-03-13,4.84,0
Person_325,40,Female,Marketing,50476,2016-03-20,3.54,0
Person_326,24,Male,IT,109409,2016-03-27,3.87,0
Person_327,58,Female,Finance,38846,2016-04-03,2.14,1
Person_328,32,Male,Finance,30464,2016-04-10,2.74,0
Person_329,28,Female,Finance,38942,2016-04-17,1.7,0
Person_330,44,Female,HR,106923,2016-04-24,4.88,1
Person_331,47,Female,Marketing,108083,2016-05-01,1.98,0
Person_332,25,Male,Finance,62303,2016-05-08,4.29,1
Person_333,33,Female,HR,52543,2016-05-15,3.45,1
Person_334,37,Male,HR,36116,2016-05-22,4.36,0
Person_335,51,Male,Marketing,66189,2016-05-29,1.59,0
Person_336,45,Male,Finance,84494,2016-06-05,1.59,0
Person_337,24,Female,Finance,70431,2016-06-12,3.16,0
Person_338,41,Male,Marketing,33898,2016-06-19,2.66,0
Person_339,54,Male,HR,91349,2016-06-26,1.63,1
Person_340,36,Female,IT,75615,2016-07-03,2.86,1
Person_341,18,Male,Marketing,36905,2016-07-10,1.37,1
Person_342,32,Female,Finance,107196,2016-07-17,3.78,1
Person_343,53,Male,IT,32167,2016-07-24,4.52,0
Person_344,52,Female,Marketing,105436,2016-07-31,2.03,1
Person_345,63,Male,IT,103888,2016-08-07,3.63,0
Person_346,63,Female,IT,62546,2016-08-14,2.16,1
Person_347,42,Female,HR,112852,2016-08-21,4.14,1
Person_348,38,Female,Finance,102049,2016-08-28,1.06,0
Person_349,42,Female,IT,42262,2016-09-04,1.59,1
Person_350,19,Female,IT,33786,2016-09-11,2.5,1
Person_351,63,Female,IT,73043,2016-09-18,4.7,0
Person_352,51,Male,IT,81915,2016-09-25,3.54,0
Person_353,50,Female,IT,75027,2016-10-02,3.41,0
Person_354,65,Male,HR,58881,2016-10-09,1.74,1
Person_355,54,Female,Finance,53732,2016-10-16,2.42,0
Person_356,31,Male,Finance,61720,2016-10-23,4.73,1
Person_357,37,Female,HR,105643,2016-10-30,2.15,1
Person_358,64,Male,HR,86974,2016-11-06,3.98,0
Person_359,31,Male,Finance,91827,2016-11-13,4.24,0
Person_360,44,Male,HR,30229,2016-11-20,4.15,1
Person_361,37,Male,IT,90043,2016-11-27,3.45,1
Person_362,35,Female,Marketing,63925,2016-12-04,1.61,1
Person_363,26,Male,IT,108177,2016-12-11,4.1,1
Person_364,58,Female,Finance,106467,2016-12-18,3.67,0
Person_365,24,Female,HR,98808,2016-12-25,2.7,0
Person_366,41,Female,Marketing,82910,2017-01-01,3.64,0
Person_367,48,Male,HR,41594,2017-01-08,1.96,0
Person_368,60,Female,Marketing,67471,2017-01-15,1.46,1
Person_369,62,Female,Finance,51278,2017-01-22,4.98,1
Person_370,44,Female,Finance,37960,2017-01-29,2.81,0
Person_371,48,Female,Finance,67721,2017-02-05,2.74,0
Person_372,47,Male,Finance,33766,2017-02-12,2.95,1
Person_373,56,Female,Finance,97559,2017-02-19,2.49,1
Person_374,41,Male,HR,51368,2017-02-26,3.85,0
Person_375,42,Male,Finance,50912,2017-03-05,2.5,1
Person_376,50,Female,HR,35398,2017-03-12,3.02,1
Person_377,59,Male,Marketing,46959,2017-03-19,2.47,0
Person_378,25,Male,Marketing,87848,2017-03-26,4.51,0
Person_379,55,Male,HR,84418,2017-04-02,4.86,0
Person_380,62,Female,Finance,32299,2017-04-09,4.63,0
Person_381,59,Male,IT,108247,2017-04-16,4.0,0
Person_382,49,Female,Marketing,31707,2017-04-23,4.56,0
Person_383,20,Female,Marketing,114038,2017-04-30,4.97,1
Person_384,41,Female,IT,76848,2017-05-07,4.83,1
Person_385,33,Female,Finance,34459,2017-05-14,4.09,1
Person_386,31,Male,IT,96593,2017-05-21,4.73,1
Person_387,51,Female,Marketing,119705,2017-05-28,3.05,1
Person_388,65,Female,Finance,44027,2017-06-04,1.46,0
Person_389,27,Male,Finance,84647,2017-06-11,4.95,1
Person_390,31,Female,IT,47003,2017-06-18,2.88,1
Person_391,36,Female,Marketing,89450,2017-06-25,2.37,0
Person_392,49,Female,Finance,51067,2017-07-02,3.89,1
Person_393,21,Male,Marketing,106428,2017-07-09,4.56,0
Person_394,53,Female,IT,100385,2017-07-16,1.89,1
Person_395,23,Male,IT,99645,2017-07-23,4.57,1
Person_396,21,Female,Finance,67459,2017-07-30,3.36,0
Person_397,57,Female,IT,85123,2017-08-06,2.26,0
Person_398,43,Female,Marketing,47092,2017-08-13,2.98,1
Person_399,50,Female,IT,114834,2017-08-20,2.51,0
Person_400,63,Male,HR,92551,2017-08-27,1.68,0
Person_401,26,Female,IT,97125,2017-09-03,4.33,0
Person_402,40,Male,Marketing,63545,2017-09-10,4.69,1
Person_403,35,Female,IT,50407,2017-09-17,4.75,1
Person_404,29,Female,Marketing,59823,2017-09-24,3.65,0
Person_405,65,Female,HR,99339,2017-10-01,1.76,0
Person_406,30,Female,HR,72225,2017-10-08,3.16,0
Person_407,30,Female,Marketing,73670,2017-10-15,3.36,0
Person_408,61,Female,Marketing,104331,2017-10-22,2.62,0
Person_409,52,Female,Finance,70967,2017-10-29,4.72,1
Person_410,62,Female,Finance,47167,2017-11-05,3.07,1
Person_411,22,Female,Marketing,72276,2017-11-12,4.7,1
Person_412,57,Female,Marketing,49420,2017-11-19,1.12,0
Person_413,30,Male,Finance,105940,2017-11-26,3.84,1
Person_414,55,Female,IT,93277,2017-12-03,1.43,0
Person_415,41,Female,Marketing,113615,2017-12-10,3.99,0
Person_416,63,Female,HR,105540,2017-12-17,3.4,0
Person_417,27,Female,IT,34005,2017-12-24,3.09,1
Person_418,44,Female,Marketing,46492,2017-12-31,1.47,0
Person_419,39,Female,HR,81095,2018-01-07,3.68,1
Person_420,40,Female,HR,52233,2018-01-14,2.3,1
Person_421,27,Male,Finance,111222,2018-01-21,3.82,1
Person_422,27,Female,IT,67461,2018-01-28,2.38,0
Person_423,23,Male,Finance,93032,2018-02-04,4.73,0
Person_424,60,Male,IT,44046,2018-02-11,2.29,0
Person_425,60,Male,HR,61664,2018-02-18,4.39,1
Person_426,28,Female,HR,108247,2018-02-25,1.87,1
Person_427,38,Male,Marketing,111746,2018-03-04,3.95,0
Person_428,33,Female,Finance,57789,2018-03-11,2.16,1
Person_429,33,Female,IT,82927,2018-03-18,3.64,0
Person_430,44,Male,IT,97713,2018-03-25,3.35,0
Person_431,46,Female,Finance,94974,2018-04-01,3.21,0
Person_432,35,Male,Marketing,113763,2018-04-08,1.73,0
Person_433,31,Male,IT,95661,2018-04-15,1.62,0
Person_434,21,Female,Marketing,107994,2018-04-22,3.91,1
Person_435,32,Female,HR,107735,2018-04-29,1.56,0
Person_436,53,Male,IT,75113,2018-05-06,3.36,1
Person_437,22,Male,HR,119420,2018-05-13,3.28,1
Person_438,40,Male,IT,83947,2018-05-20,1.86,0
Person_439,38,Male,Marketing,40237,2018-05-27,1.69,1
Person_440,47,Male,Finance,56155,2018-06-03,3.12,0
Person_441,18,Male,HR,72256,2018-06-10,4.41,1
Person_442,41,Male,HR,38452,2018-06-17,1.04,0
Person_443,60,Male,Finance,48883,2018-06-24,1.7,0
Person_444,19,Male,Marketing,57036,2018-07-01,3.5,0
Person_445,37,Male,Finance,112174,2018-07-08,3.34,1
Person_446,53,Female,Marketing,78651,2018-07-15,3.67,1
Person_447,36,Male,HR,37183,2018-07-22,4.59,0
Person_448,58,Male,IT,65272,2018-07-29,2.77,1
Person_449,26,Male,Marketing,43903,2018-08-05,1.68,1
Person_450,52,Male,Finance,80316,2018-08-12,2.42,0
Person_451,61,Female,HR,101399,2018-08-19,2.11,0
Person_452,48,Male,Finance,53364,2018-08-26,4.25,1
Person_453,37,Female,Finance,31897,2018-09-02,2.17,1
Person_454,59,Female,Finance,57321,2018-09-09,3.57,1
Person_455,64,Male,Finance,110023,2018-09-16,2.97,1
Person_456,51,Female,Marketing,101477,2018-09-23,1.43,1
Person_457,52,Female,HR,86754,2018-09-30,3.52,1
Person_458,56,Male,Finance,115534,2018-10-07,1.59,0
Person_459,65,Female,Marketing,41335,2018-10-14,1.69,1
Person_460,27,Female,Finance,100530,2018-10-21,2.87,0
Person_461,54,Female,IT,119101,2018-10-28,2.19,1
Person_462,34,Female,Finance,48751,2018-11-04,2.65,1
Person_463,56,Male,Marketing,57779,2018-11-11,4.6,0
Person_464,55,Male,Finance,92231,2018-11-18,4.39,1
Person_465,40,Male,Marketing,90034,2018-11-25,4.17,0
Person_466,53,Male,IT,46116,2018-12-02,3.55,1
Person_467,37,Female,Finance,102555,2018-12-09,3.59,0
Person_468,59,Female,Finance,62570,2018-12-16,3.2,0
Person_469,27,Male,HR,66462,2018-12-23,2.22,0
Person_470,23,Female,IT,70214,2018-12-30,3.26,0
Person_471,27,Female,IT,75561,2019-01-06,4.51,1
Person_472,60,Male,IT,64107,2019-01-13,4.87,1
Person_473,53,Female,IT,87613,2019-01-20,2.43,0
Person_474,41,Male,Finance,37607,2019-01-27,4.75,1
Person_475,65,Female,HR,81449,2019-02-03,2.46,1
Person_476,47,Female,Finance,47554,2019-02-10,2.32,1
Person_477,34,Male,Finance,54310,2019-02-17,4.3,1
Person_478,50,Male,HR,41625,2019-02-24,4.94,0
Person_479,30,Male,Finance,83005,2019-03-03,2.83,0
Person_480,25,Male,IT,84201,2019-03-10,4.61,1
Person_481,40,Male,HR,74918,2019-03-17,3.96,1
Person_482,63,Female,HR,98259,2019-03-24,4.26,1
Person_483,20,Female,IT,61906,2019-03-31,4.01,0
Person_484,54,Male,Marketing,41678,2019-04-07,3.78,1
Person_485,26,Male,Finance,112150,2019-04-14,1.58,0
Person_486,45,Male,HR,30513,2019-04-21,1.48,1
Person_487,60,Female,HR,77690,2019-04-28,3.89,1
Person_488,56,Female,IT,30409,2019-05-05,1.05,1
Person_489,61,Female,Finance,67980,2019-05-12,2.72,0
Person_490,21,Female,IT,33685,2019-05-19,4.44,1
Person_491,40,Male,HR,64544,2019-05-26,3.54,0
Person_492,59,Male,IT,77187,2019-06-02,1.64,0
Person_493,54,Female,IT,77606,2019-06-09,2.73,1
Person_494,25,Female,Marketing,39103,2019-06-16,3.31,0
Person_495,33,Male,Finance,61100,2019-06-23,3.4,1
Person_496,28,Male,Marketing,72533,2019-06-30,2.62,1
Person_497,49,Male,IT,82600,2019-07-07,4.06,0
Person_498,63,Female,Marketing,67155,2019-07-14,1.23,1
Person_499,21,Female,Finance,115936,2019-07-21,3.43,0
Person_500,58,Female,HR,70004,2019-07-28,2.47,1
Person_501,30,Male,HR,44288,2019-08-04,4.36,0
Person_502,35,Male,HR,40373,2019-08-11,4.3,1
Person_503,39,Female,Marketing,36261,2019-08-18,2.34,0
Person_504,27,Male,IT,73227,2019-08-25,2.99,0
Person_505,49,Male,IT,55739,2019-09-01,1.94,1
Person_506,60,Male,IT,34492,2019-09-08,2.6,1
Person_507,47,Female,Marketing,84049,2019-09-15,1.93,1
Person_508,26,Male,HR,48533,2019-09-22,4.44,1
Person_509,38,Female,Finance,55081,2019-09-29,3.15,1
Person_510,57,Female,HR,74904,2019-10-06,1.43,1
Person_511,63,Female,IT,102441,2019-10-13,3.31,0
Person_512,26,Female,Marketing,36622,2019-10-20,3.32,1
Person_513,36,Female,Marketing,100334,2019-10-27,2.0,0
Person_514,47,Female,HR,114933,2019-11-03,3.24,0
Person_515,26,Female,Marketing,96763,2019-11-10,2.04,0
Person_516,32,Male,HR,83910,2019-11-17,1.13,1
Person_517,63,Female,HR,99826,2019-11-24,1.18,1
Person_518,54,Female,Finance,35841,2019-12-01,4.0,0
Person_519,24,Female,HR,94947,2019-12-08,1.78,0
Person_520,56,Female,HR,34424,2019-12-15,2.72,1
Person_521,65,Female,Marketing,40164,2019-12-22,4.04,0
Person_522,54,Female,Marketing,93857,2019-12-29,1.81,0
Person_523,32,Male,IT,72594,2020-01-05,3.95,1
Person_524,58,Male,HR,34051,2020-01-12,3.94,1
Person_525,50,Female,HR,56913,2020-01-19,4.98,0
Person_526,46,Male,Finance,60405,2020-01-26,3.36,1
Person_527,35,Female,Marketing,62788,2020-02-02,1.17,1
Person_528,26,Male,Marketing,71638,2020-02-09,4.78,0
Person_529,27,Female,Marketing,103637,2020-02-16,3.15,0
Person_530,34,Male,IT,94577,2020-02-23,1.76,1
Person_531,45,Female,Marketing,57390,2020-03-01,2.37,1
Person_532,37,Female,HR,97055,2020-03-08,3.43,1
Person_533,29,Female,Marketing,73812,2020-03-15,4.25,1
Person_534,46,Male,Marketing,107224,2020-03-22,1.8,1
Person_535,61,Male,Marketing,40731,2020-03-29,3.22,0
Person_536,42,Female,Finance,97737,2020-04-05,1.57,0
Person_537,52,Female,HR,35848,2020-04-12,3.74,1
Person_538,65,Male,Finance,53454,2020-04-19,4.89,1
Person_539,31,Female,HR,117974,2020-04-26,4.66,1
Person_540,43,Female,Finance,80936,2020-05-03,2.6,1
Person_541,50,Male,HR,97707,2020-05-10,2.02,1
Person_542,43,Female,HR,115135,2020-05-17,4.39,1
Person_543,48,Female,HR,62691,2020-05-24,1.83,0
Person_544,43,Female,HR,50869,2020-05-31,2.43,0
Person_545,62,Male,HR,119219,2020-06-07,3.81,1
Person_546,43,Male,Marketing,115764,2020-06-14,4.83,1
Person_547,47,Female,Marketing,99595,2020-06-21,2.27,1
Person_548,38,Male,Marketing,110492,2020-06-28,3.81,0
Person_549,41,Male,Marketing,75284,2020-07-05,4.63,1
Person_550,30,Female,Finance,48997,2020-07-12,3.17,0
Person_551,27,Female,IT,87770,2020-07-19,2.01,0
Person_552,31,Male,Finance,89439,2020-07-26,1.7,1
Person_553,27,Male,HR,66004,2020-08-02,3.85,1
Person_554,51,Female,HR,52617,2020-08-09,3.18,0
Person_555,24,Male,HR,53366,2020-08-16,4.51,1
Person_556,27,Female,IT,112867,2020-08-23,3.27,1
Person_557,45,Male,Marketing,51894,2020-08-30,2.99,0
Person_558,59,Male,HR,56442,2020-09-06,4.55,1
Person_559,35,Male,Marketing,41387,2020-09-13,1.25,0
Person_560,25,Male,HR,94002,2020-09-20,4.12,0
Person_561,60,Female,Finance,58376,2020-09-27,2.73,1
Person_562,28,Male,HR,78304,2020-10-04,4.68,1
Person_563,62,Female,IT,56489,2020-10-11,2.74,1
Person_564,65,Male,HR,88087,2020-10-18,3.04,0
Person_565,46,Male,Marketing,97782,2020-10-25,4.72,0
Person_566,32,Male,IT,40336,2020-11-01,4.07,0
Person_567,45,Male,Finance,114654,2020-11-08,3.17,1
Person_568,56,Male,Finance,116478,2020-11-15,3.53,1
Person_569,33,Female,IT,35777,2020-11-22,4.43,0
Person_570,26,Male,Marketing,59039,2020-11-29,1.95,1
Person_571,30,Male,HR,105261,2020-12-06,4.07,1
Person_572,35,Male,Finance,112459,2020-12-13,3.75,1
Person_573,57,Male,HR,73235,2020-12-20,1.32,0
Person_574,42,Male,IT,88243,2020-12-27,4.01,1
Person_575,64,Male,Marketing,92166,2021-01-03,3.61,1
Person_576,19,Male,HR,55848,2021-01-10,3.72,1
Person_577,25,Female,Finance,58184,2021-01-17,4.08,1
Person_578,59,Male,IT,56427,2021-01-24,1.76,1
Person_579,22,Female,Finance,96757,2021-01-31,3.81,0
Person_580,62,Male,Marketing,112708,2021-02-07,4.16,1
Person_581,36,Female,Marketing,37086,2021-02-14,4.2,0
Person_582,55,Male,HR,116362,2021-02-21,1.14,0
Person_583,38,Male,IT,91710,2021-02-28,1.19,1
Person_584,64,Male,HR,85320,2021-03-07,3.53,1
Person_585,33,Female,Marketing,89293,2021-03-14,2.85,0
Person_586,31,Female,Finance,97992,2021-03-21,2.93,0
Person_587,34,Female,HR,39775,2021-03-28,4.24,1
Person_588,59,Male,IT,73680,2021-04-04,4.72,0
Person_589,36,Male,HR,42163,2021-04-11,3.37,1
Person_590,57,Female,IT,58110,2021-04-18,4.24,0
Person_591,40,Female,Finance,64315,2021-04-25,2.93,1
Person_592,60,Female,IT,44553,2021-05-02,4.05,0
Person_593,23,Female,HR,116516,2021-05-09,2.02,1
Person_594,37,Male,HR,58361,2021-05-16,3.7,0
Person_595,26,Male,Finance,108239,2021-05-23,4.96,0
Person_596,51,Female,HR,108315,2021-05-30,2.1,0
Person_597,40,Female,HR,57525,2021-06-06,1.48,1
Person_598,43,Male,IT,97107,2021-06-13,4.13,0
Person_599,48,Male,Finance,99999,2021-06-20,3.92,0
Person_600,23,Female,IT,54923,2021-06-27,2.69,1
Person_601,35,Male,HR,41442,2021-07-04,1.35,0
Person_602,46,Male,Finance,79521,2021-07-11,2.49,0
Person_603,40,Male,Finance,58718,2021-07-18,1.23,0
Person_604,26,Male,HR,51536,2021-07-25,2.17,0
Person_605,47,Male,Marketing,85087,2021-08-01,3.44,0
Person_606,47,Female,IT,110512,2021-08-08,3.08,1
Person_607,63,Male,HR,78345,2021-08-15,1.58,1
Person_608,29,Male,HR,94340,2021-08-22,2.15,1
Person_609,29,Female,IT,89561,2021-08-29,4.25,1
Person_610,44,Male,Finance,36526,2021-09-05,4.58,1
Person_611,43,Female,Finance,60833,2021-09-12,4.43,1
Person_612,31,Female,Finance,104376,2021-09-19,4.16,0
Person_613,33,Female,HR,78369,2021-09-26,1.43,0
Person_614,64,Female,Marketing,107156,2021-10-03,1.95,1
Person_615,39,Male,IT,105858,2021-10-10,1.05,0
Person_616,34,Female,IT,48650,2021-10-17,4.71,0
Person_617,49,Male,IT,55163,2021-10-24,1.37,0
Person_618,45,Male,HR,78124,2021-10-31,1.36,0
Person_619,64,Female,HR,58258,2021-11-07,2.93,0
Person_620,65,Female,HR,62721,2021-11-14,3.96,1
Person_621,18,Female,Marketing,50749,2021-11-21,3.81,0
Person_622,58,Female,HR,69869,2021-11-28,1.49,1
Person_623,18,Female,HR,59738,2021-12-05,3.37,1
Person_624,37,Female,Marketing,103425,2021-12-12,3.11,0
Person_625,46,Female,HR,80149,2021-12-19,1.25,0
Person_626,31,Female,IT,42083,2021-12-26,4.34,0
Person_627,55,Female,Finance,105347,2022-01-02,1.08,1
Person_628,35,Male,Marketing,58424,2022-01-09,4.43,1
Person_629,31,Male,HR,99793,2022-01-16,4.08,0
Person_630,26,Female,HR,62144,2022-01-23,4.5,0
Person_631,26,Male,Marketing,109345,2022-01-30,4.74,0
Person_632,30,Female,HR,119461,2022-02-06,3.94,1
Person_633,62,Female,Finance,32788,2022-02-13,4.32,1
Person_634,37,Female,HR,33811,2022-02-20,3.79,1
Person_635,46,Male,Finance,99916,2022-02-27,2.66,1
Person_636,22,Female,Finance,90280,2022-03-06,3.81,1
Person_637,64,Female,Finance,111077,2022-03-13,3.69,1
Person_638,19,Female,Finance,63441,2022-03-20,1.1,1
Person_639,64,Male,HR,31133,2022-03-27,1.8,0
Person_640,55,Female,Marketing,48064,2022-04-03,1.88,0
Person_641,64,Male,Marketing,45611,2022-04-10,2.53,1
Person_642,21,Male,HR,76222,2022-04-17,3.43,0
Person_643,43,Male,IT,92754,2022-04-24,3.61,0
Person_644,59,Male,IT,49463,2022-05-01,3.7,1
Person_645,19,Male,Finance,91973,2022-05-08,4.94,0
Person_646,26,Female,Marketing,109463,2022-05-15,1.96,1
Person_647,49,Female,HR,34095,2022-05-22,1.24,0
Person_648,25,Female,HR,32563,2022-05-29,3.01,0
Person_649,34,Female,HR,112569,2022-06-05,1.38,0
Person_650,48,Male,Finance,43709,2022-06-12,1.35,0
Person_651,18,Male,IT,78856,2022-06-19,2.17,0
Person_652,27,Male,Finance,72024,2022-06-26,3.95,1
Person_653,43,Male,Marketing,64149,2022-07-03,4.27,1
Person_654,49,Female,Marketing,53790,2022-07-10,1.43,0
Person_655,39,Male,IT,102856,2022-07-17,1.74,1
Person_656,46,Female,HR,91303,2022-07-24,2.92,0
Person_657,19,Male,IT,83726,2022-07-31,3.15,0
Person_658,44,Female,IT,113236,2022-08-07,1.67,1
Person_659,65,Male,Finance,118974,2022-08-14,4.94,0
Person_660,57,Male,Marketing,60047,2022-08-21,4.74,0
Person_661,25,Female,IT,88088,2022-08-28,2.63,0
Person_662,32,Female,IT,95470,2022-09-04,2.02,1
Person_663,46,Female,Finance,100918,2022-09-11,3.41,1
Person_664,62,Female,IT,58398,2022-09-18,2.75,0
Person_665,26,Female,HR,36825,2022-09-25,1.7,1
Person_666,32,Female,Marketing,90213,2022-10-02,1.01,1
Person_667,58,Female,Finance,115698,2022-10-09,2.96,1
Person_668,64,Female,Finance,38984,2022-10-16,3.67,0
Person_669,53,Male,Finance,78199,2022-10-23,3.42,1
Person_670,21,Female,HR,47638,2022-10-30,2.92,0
Person_671,37,Female,IT,42577,2022-11-06,1.24,0
Person_672,59,Male,Finance,33918,2022-11-13,1.9,1
Person_673,26,Female,Marketing,79358,2022-11-20,4.14,1
Person_674,36,Female,IT,52669,2022-11-27,1.87,1
Person_675,48,Male,Finance,106882,2022-12-04,4.61,0
Person_676,40,Female,Marketing,66545,2022-12-11,2.6,0
Person_677,47,Male,HR,72628,2022-12-18,4.31,0
Person_678,50,Male,IT,88653,2022-12-25,2.52,1
Person_679,49,Female,Finance,49167,2023-01-01,2.05,1
Person_680,64,Female,IT,99126,2023-01-08,3.29,0
Person_681,32,Female,Finance,114757,2023-01-15,1.74,0
Person_682,49,Male,IT,57215,2023-01-22,1.31,1
Person_683,57,Female,Marketing,31878,2023-01-29,2.41,1
Person_684,59,Male,Finance,117879,2023-02-05,2.77,0
Person_685,22,Female,Finance,72321,2023-02-12,4.7,0
Person_686,38,Female,IT,81536,2023-02-19,2.21,1
Person_687,53,Male,IT,50945,2023-02-26,4.53,1
Person_688,41,Female,Finance,97315,2023-03-05,3.31,1
Person_689,47,Male,Marketing,66290,2023-03-12,2.66,1
Person_690,32,Female,Marketing,51121,2023-03-19,1.43,0
Person_691,49,Male,IT,86733,2023-03-26,4.43,1
Person_692,29,Female,HR,109182,2023-04-02,2.06,1
Person_693,48,Male,HR,47834,2023-04-09,3.72,0
Person_694,56,Female,IT,58698,2023-04-16,1.53,0
Person_695,61,Female,HR,38346,2023-04-23,3.73,0
Person_696,64,Female,Marketing,54700,2023-04-30,3.09,0
Person_697,54,Male,Finance,87930,2023-05-07,1.22,1
Person_698,52,Female,HR,58262,2023-05-14,3.41,1
Person_699,53,Female,IT,80253,2023-05-21,3.32,0
Person_700,49,Male,HR,47838,2023-05-28,4.65,1
Person_701,33,Female,HR,109771,2023-06-04,1.6,1
Person_702,18,Male,HR,111095,2023-06-11,1.62,1
Person_703,43,Female,IT,48965,2023-06-18,1.22,1
Person_704,32,Female,Marketing,69012,2023-06-25,2.74,1
Person_705,28,Female,Finance,35019,2023-07-02,3.36,0
Person_706,33,Female,IT,31786,2023-07-09,4.47,1
Person_707,46,Female,IT,36526,2023-07-16,2.19,0
Person_708,48,Female,Finance,51168,2023-07-23,1.48,0
Person_709,42,Male,Finance,61074,2023-07-30,3.67,0
Person_710,37,Female,Finance,78495,2023-08-06,2.31,0
Person_711,30,Female,HR,86879,2023-08-13,2.26,1
Person_712,40,Male,HR,44923,2023-08-20,3.2,1
Person_713,60,Female,IT,115125,2023-08-27,1.69,0
Person_714,45,Male,Finance,97929,2023-09-03,1.74,0
Person_715,41,Male,Finance,41202,2023-09-10,3.74,0
Person_716,53,Female,IT,62942,2023-09-17,3.13,0
Person_717,26,Male,IT,70196,2023-09-24,1.85,0
Person_718,48,Male,Finance,79264,2023-10-01,1.54,0
Person_719,26,Female,Finance,43900,2023-10-08,3.5,0
Person_720,62,Female,Marketing,95290,2023-10-15,3.14,1
Person_721,24,Male,Finance,98073,2023-10-22,1.03,0
Person_722,53,Male,HR,76284,2023-10-29,3.97,1
Person_723,33,Male,HR,55906,2023-11-05,2.71,0
Person_724,19,Male,IT,80555,2023-11-12,1.86,0
Person_725,61,Female,Marketing,69348,2023-11-19,3.61,0
Person_726,35,Female,IT,67523,2023-11-26,3.51,1
Person_727,23,Male,HR,54266,2023-12-03,3.49,0
Person_728,64,Female,Marketing,89423,2023-12-10,1.13,0
Person_729,22,Male,Finance,54724,2023-12-17,1.9,1
Person_730,57,Female,Marketing,69697,2023-12-24,4.12,0
Person_731,40,Male,IT,87900,2023-12-31,2.54,0
Person_732,54,Male,IT,49813,2024-01-07,3.56,0
Person_733,39,Male,HR,90237,2024-01-14,2.01,0
Person_734,62,Female,HR,50799,2024-01-21,1.66,0
Person_735,45,Female,Marketing,69256,2024-01-28,4.92,1
Person_736,25,Male,Marketing,42732,2024-02-04,1.98,1
Person_737,22,Male,Marketing,114245,2024-02-11,3.72,1
Person_738,50,Female,IT,82478,2024-02-18,1.2,1
Person_739,20,Female,Finance,103932,2024-02-25,2.79,0
Person_740,31,Male,Marketing,67766,2024-03-03,1.89,1
Person_741,42,Female,IT,47818,2024-03-10,3.09,0
Person_742,51,Male,HR,93051,2024-03-17,2.4,1
Person_743,58,Male,HR,58289,2024-03-24,1.15,1
Person_744,38,Male,HR,114933,2024-03-31,4.09,1
Person_745,44,Male,Marketing,70328,2024-04-07,2.63,1
Person_746,47,Female,IT,51749,2024-04-14,2.45,0
Person_747,35,Male,Marketing,40252,2024-04-21,3.06,0
Person_748,22,Female,Finance,40462,2024-04-28,2.88,0
Person_749,60,Female,HR,50894,2024-05-05,3.49,1
Person_750,36,Female,Marketing,84590,2024-05-12,3.62,0
Person_751,32,Male,IT,89166,2024-05-19,4.74,1
Person_752,21,Male,Marketing,68840,2024-05-26,3.61,1
Person_753,30,Female,HR,44647,2024-06-02,4.53,1
Person_754,29,Female,Marketing,79924,2024-06-09,1.03,1
Person_755,41,Male,Marketing,88011,2024-06-16,4.89,0
Person_756,47,Male,Finance,67163,2024-06-23,1.83,0
Person_757,65,Male,HR,113617,2024-06-30,1.88,0
Person_758,41,Female,HR,41435,2024-07-07,3.17,0
Person_759,65,Male,Finance,106196,2024-07-14,4.99,0
Person_760,34,Male,Marketing,52818,2024-07-21,4.88,1
Person_761,41,Male,Finance,79559,2024-07-28,4.72,0
Person_762,34,Female,Finance,31026,2024-08-04,1.25,0
Person_763,37,Male,IT,71540,2024-08-11,3.28,1
Person_764,37,Female,Finance,89125,2024-08-18,1.96,1
Person_765,20,Female,Finance,37106,2024-08-25,1.96,1
Person_766,46,Male,Marketing,46976,2024-09-01,1.66,1
Person_767,28,Female,Marketing,67800,2024-09-08,4.41,1
Person_768,23,Male,Marketing,84813,2024-09-15,1.7,1
Person_769,45,Male,Marketing,100725,2024-09-22,2.85,1
Person_770,23,Female,IT,91447,2024-09-29,1.8,0
Person_771,39,Male,HR,56045,2024-10-06,2.86,0
Person_772,57,Female,Finance,93347,2024-10-13,1.99,1
Person_773,39,Male,HR,113653,2024-10-20,2.12,0
Person_774,59,Male,Marketing,118392,2024-10-27,1.65,1
Person_775,50,Female,Marketing,106831,2024-11-03,4.77,0
Person_776,21,Male,IT,34505,2024-11-10,2.48,1
Person_777,58,Male,Finance,59978,2024-11-17,3.17,1
Person_778,56,Male,IT,59190,2024-11-24,3.45,0
Person_779,36,Male,Marketing,42989,2024-12-01,1.48,0
Person_780,42,Female,HR,112296,2024-12-08,2.58,1
Person_781,28,Female,IT,45996,2024-12-15,1.71,0
Person_782,63,Female,Finance,55063,2024-12-22,3.97,0
Person_783,61,Female,HR,112575,2024-12-29,2.92,1
Person_784,64,Male,HR,96492,2025-01-05,1.75,1
Person_785,46,Female,Marketing,88726,2025-01-12,2.74,1
Person_786,37,Male,Finance,110266,2025-01-19,3.25,1
Person_787,20,Male,IT,95602,2025-01-26,2.75,0
Person_788,43,Female,HR,31682,2025-02-02,3.8,0
Person_789,25,Male,Marketing,44954,2025-02-09,2.16,1
Person_790,55,Female,HR,90832,2025-02-16,1.38,0
Person_791,64,Female,Finance,98558,2025-02-23,2.72,1
Person_792,64,Female,Marketing,44775,2025-03-02,3.24,0
Person_793,41,Male,HR,100092,2025-03-09,2.64,0
Person_794,20,Female,Finance,75948,2025-03-16,3.94,1
Person_795,50,Male,Finance,97112,2025-03-23,1.71,1
Person_796,20,Male,Marketing,86499,2025-03-30,3.86,0
Person_797,60,Female,Finance,107644,2025-04-06,4.42,1
Person_798,35,Male,Finance,39072,2025-04-13,3.33,1
Person_799,32,Male,HR,113189,2025-04-20,1.44,0
Person_800,64,Female,IT,45341,2025-04-27,3.82,0
Person_801,27,Female,Finance,95131,2025-05-04,4.57,0
Person_802,28,Male,Marketing,52661,2025-05-11,4.36,0
Person_803,49,Female,Finance,52505,2025-05-18,2.39,1
Person_804,37,Female,Marketing,91357,2025-05-25,4.34,1
Person_805,26,Female,IT,85753,2025-06-01,3.85,1
Person_806,51,Male,Finance,77685,2025-06-08,4.26,1
Person_807,50,Male,IT,44734,2025-06-15,1.31,1
Person_808,45,Male,HR,52715,2025-06-22,3.11,1
Person_809,19,Male,IT,118289,2025-06-29,1.68,1
Person_810,64,Male,Finance,44186,2025-07-06,3.98,0
Person_811,27,Male,IT,72540,2025-07-13,3.67,0
Person_812,52,Female,Finance,119962,2025-07-20,2.22,0
Person_813,33,Male,IT,71380,2025-07-27,4.99,1
Person_814,31,Female,IT,49460,2025-08-03,1.12,1
Person_815,43,Female,Marketing,54454,2025-08-10,3.47,0
Person_816,47,Male,Marketing,36412,2025-08-17,4.45,1
Person_817,24,Female,IT,105182,2025-08-24,1.69,1
Person_818,36,Male,Marketing,95910,2025-08-31,3.18,1
Person_819,33,Female,Marketing,87767,2025-09-07,1.94,0
Person_820,43,Female,IT,118942,2025-09-14,3.22,1
Person_821,29,Male,Finance,103046,2025-09-21,1.21,1
Person_822,63,Male,Marketing,39425,2025-09-28,2.98,0
Person_823,47,Female,HR,64510,2025-10-05,4.54,0
Person_824,56,Female,Marketing,41041,2025-10-12,3.52,0
Person_825,19,Female,HR,92088,2025-10-19,3.42,0
Person_826,47,Female,Finance,105469,2025-10-26,1.23,1
Person_827,22,Male,Finance,50181,2025-11-02,1.89,0
Person_828,43,Male,HR,79709,2025-11-09,4.68,0
Person_829,20,Female,IT,101043,2025-11-16,3.69,1
Person_830,64,Male,Marketing,112104,2025-11-23,3.8,0
Person_831,21,Male,HR,32199,2025-11-30,1.18,0
Person_832,60,Female,Marketing,86603,2025-12-07,2.63,1
Person_833,43,Male,Marketing,40291,2025-12-14,4.04,0
Person_834,24,Female,HR,117000,2025-12-21,1.65,0
Person_835,26,Male,IT,102642,2025-12-28,3.19,0
Person_836,53,Female,IT,65468,2026-01-04,3.87,1
Person_837,48,Male,IT,79273,2026-01-11,1.69,0
Person_838,33,Male,Marketing,66751,2026-01-18,2.48,0
Person_839,38,Male,Marketing,46386,2026-01-25,3.65,0
Person_840,50,Male,Finance,39546,2026-02-01,2.05,1
Person_841,35,Male,HR,48164,2026-02-08,2.91,0
Person_842,50,Male,Finance,48958,2026-02-15,1.17,0
Person_843,40,Male,IT,34071,2026-02-22,1.01,1
Person_844,27,Female,HR,115442,2026-03-01,3.46,1
Person_845,48,Male,HR,87447,2026-03-08,4.96,0
Person_846,48,Male,Marketing,105291,2026-03-15,1.32,0
Person_847,44,Female,IT,75233,2026-03-22,4.56,0
Person_848,32,Female,IT,31705,2026-03-29,3.8,0
Person_849,65,Male,Finance,64826,2026-04-05,1.79,1
Person_850,62,Male,IT,109663,2026-04-12,4.24,1
Person_851,37,Female,Finance,77509,2026-04-19,1.25,1
Person_852,64,Male,IT,62587,2026-04-26,4.93,0
Person_853,33,Male,HR,97777,2026-05-03,4.76,0
Person_854,65,Female,HR,74319,2026-05-10,3.14,0
Person_855,35,Female,HR,94882,2026-05-17,3.41,0
Person_856,53,Female,Finance,58963,2026-05-24,3.37,1
Person_857,33,Female,Marketing,77851,2026-05-31,3.36,0
Person_858,22,Male,HR,101188,2026-06-07,4.34,1
Person_859,49,Male,Finance,47407,2026-06-14,3.15,1
Person_860,44,Female,Finance,92748,2026-06-21,3.62,0
Person_861,49,Female,IT,78042,2026-06-28,3.23,1
Person_862,36,Male,Marketing,45043,2026-07-05,3.16,1
Person_863,36,Female,Marketing,82237,2026-07-12,3.81,1
Person_864,25,Female,Marketing,67331,2026-07-19,4.76,1
Person_865,47,Male,Marketing,110988,2026-07-26,3.38,1
Person_866,64,Male,IT,96413,2026-08-02,3.52,0
Person_867,54,Male,Marketing,95398,2026-08-09,2.05,1
Person_868,65,Female,HR,57619,2026-08-16,2.43,1
Person_869,39,Male,HR,98408,2026-08-23,3.05,1
Person_870,35,Male,HR,101169,2026-08-30,3.28,1
Person_871,27,Female,Finance,110938,2026-09-06,4.18,0
Person_872,36,Female,HR,48514,2026-09-13,1.67,1
Person_873,55,Female,HR,100236,2026-09-20,4.83,1
Person_874,58,Male,Marketing,35191,2026-09-27,2.41,0
Person_875,48,Female,Marketing,68420,2026-10-04,4.36,1
Person_876,35,Female,Finance,37089,2026-10-11,2.49,0
Person_877,59,Female,IT,111176,2026-10-18,2.39,0
Person_878,37,Male,IT,100498,2026-10-25,4.56,1
Person_879,43,Male,IT,62797,2026-11-01,2.54,1
Person_880,18,Male,Finance,119113,2026-11-08,3.96,1
Person_881,61,Female,HR,70592,2026-11-15,2.59,0
Person_882,26,Female,Finance,45703,2026-11-22,3.34,1
Person_883,37,Female,IT,94123,2026-11-29,2.34,1
Person_884,43,Female,HR,45834,2026-12-06,2.63,1
Person_885,61,Female,IT,64460,2026-12-13,2.63,1
Person_886,54,Female,Marketing,95839,2026-12-20,3.14,1
Person_887,41,Female,Finance,43091,2026-12-27,4.97,1
Person_888,50,Male,IT,36104,2027-01-03,1.87,0
Person_889,35,Female,HR,67731,2027-01-10,4.18,0
Person_890,19,Male,Finance,53093,2027-01-17,4.02,1
Person_891,34,Male,HR,81972,2027-01-24,3.97,0
Person_892,19,Female,HR,59317,2027-01-31,2.74,1
Person_893,42,Female,Finance,113931,2027-02-07,1.61,1
Person_894,52,Female,Finance,102983,2027-02-14,3.16,1
Person_895,40,Male,IT,112166,2027-02-21,1.27,1
Person_896,26,Male,Finance,98754,2027-02-28,3.32,0
Person_897,40,Female,HR,101174,2027-03-07,4.38,0
Person_898,31,Female,IT,78066,2027-03-14,4.66,1
Person_899,21,Male,Finance,76008,2027-03-21,3.32,1
Person_900,57,Female,HR,113159,2027-03-28,4.82,1
Person_901,47,Male,HR,115891,2027-04-04,2.7,1
Person_902,36,Male,Finance,116231,2027-04-11,3.01,0
Person_903,49,Male,IT,108377,2027-04-18,4.86,0
Person_904,23,Male,IT,69542,2027-04-25,1.87,0
Person_905,18,Female,Finance,36468,2027-05-02,3.32,0
Person_906,58,Male,HR,71614,2027-05-09,1.6,0
Person_907,46,Female,Finance,58102,2027-05-16,2.13,1
Person_908,22,Male,HR,39808,2027-05-23,2.48,0
Person_909,59,Male,Marketing,103866,2027-05-30,4.98,1
Person_910,27,Female,IT,34387,2027-06-06,1.01,1
Person_911,43,Male,Finance,64668,2027-06-13,4.93,0
Person_912,47,Female,Marketing,75302,2027-06-20,3.48,0
Person_913,48,Male,IT,39502,2027-06-27,4.43,1
Person_914,32,Female,IT,51600,2027-07-04,1.71,0
Person_915,48,Female,Finance,82978,2027-07-11,2.35,0
Person_916,55,Male,HR,117243,2027-07-18,3.03,0
Person_917,45,Female,Marketing,89684,2027-07-25,1.62,1
Person_918,38,Female,Marketing,92930,2027-08-01,3.34,1
Person_919,43,Male,Marketing,41881,2027-08-08,1.42,0
Person_920,28,Female,IT,117268,2027-08-15,4.72,0
Person_921,25,Male,IT,78336,2027-08-22,3.75,1
Person_922,18,Female,IT,43698,2027-08-29,2.01,0
Person_923,61,Male,Marketing,93660,2027-09-05,1.14,1
Person_924,47,Female,IT,33400,2027-09-12,4.87,1
Person_925,58,Male,IT,91203,2027-09-19,2.26,0
Person_926,48,Female,IT,116118,2027-09-26,2.54,1
Person_927,49,Male,HR,39663,2027-10-03,3.37,0
Person_928,18,Male,Marketing,30359,2027-10-10,1.15,0
Person_929,56,Female,IT,48003,2027-10-17,1.04,1
Person_930,36,Female,Marketing,57752,2027-10-24,3.48,1
Person_931,59,Male,HR,100915,2027-10-31,2.95,0
Person_932,26,Female,HR,111620,2027-11-07,2.75,0
Person_933,26,Male,Marketing,104006,2027-11-14,4.98,0
Person_934,45,Female,Finance,81157,2027-11-21,2.77,0
Person_935,38,Female,Marketing,59038,2027-11-28,2.48,0
Person_936,41,Male,HR,58838,2027-12-05,1.02,0
Person_937,35,Female,IT,95955,2027-12-12,2.09,1
Person_938,46,Female,Marketing,57224,2027-12-19,3.43,0
Person_939,60,Female,IT,85833,2027-12-26,4.05,0
Person_940,32,Female,Finance,117167,2028-01-02,1.57,1
Person_941,54,Male,Finance,33669,2028-01-09,2.34,1
Person_942,55,Female,HR,37396,2028-01-16,3.44,1
Person_943,41,Female,IT,96204,2028-01-23,1.18,1
Person_944,49,Female,Finance,33929,2028-01-30,3.42,1
Person_945,30,Female,Marketing,115448,2028-02-06,3.59,1
Person_946,35,Female,HR,105870,2028-02-13,4.79,0
Person_947,60,Female,IT,82642,2028-02-20,4.88,1
Person_948,20,Female,IT,69720,2028-02-27,2.32,1
Person_949,54,Female,IT,39266,2028-03-05,1.16,1
Person_950,44,Female,HR,67774,2028-03-12,4.68,0
Person_951,64,Female,Marketing,62557,2028-03-19,2.86,1
Person_952,35,Male,HR,92824,2028-03-26,3.86,1
Person_953,46,Male,IT,66209,2028-04-02,3.57,0
Person_954,26,Female,Marketing,42097,2028-04-09,4.17,0
Person_955,52,Male,IT,107834,2028-04-16,2.6,0
Person_956,24,Female,Finance,71543,2028-04-23,1.42,1
Person_957,60,Male,Finance,93736,2028-04-30,4.29,1
Person_958,60,Female,Marketing,61705,2028-05-07,4.12,1
Person_959,31,Male,Finance,48891,2028-05-14,1.35,1
Person_960,57,Female,HR,56382,2028-05-21,3.57,0
Person_961,23,Female,IT,71415,2028-05-28,2.38,0
Person_962,50,Female,Marketing,75105,2028-06-04,3.05,1
Person_963,20,Male,Marketing,111602,2028-06-11,5.0,1
Person_964,19,Female,HR,116286,2028-06-18,3.68,0
Person_965,55,Male,Finance,41173,2028-06-25,3.25,1
Person_966,63,Male,Finance,76836,2028-07-02,3.55,1
Person_967,56,Male,IT,33027,2028-07-09,3.71,0
Person_968,39,Female,HR,108306,2028-07-16,4.96,1
Person_969,37,Female,Finance,30465,2028-07-23,1.35,1
Person_970,26,Male,Marketing,49081,2028-07-30,3.44,1
Person_971,62,Male,Marketing,34720,2028-08-06,4.87,0
Person_972,60,Female,Marketing,79983,2028-08-13,1.39,1
Person_973,63,Female,Marketing,101432,2028-08-20,1.93,1
Person_974,25,Female,Marketing,107814,2028-08-27,2.53,0
Person_975,21,Female,IT,53050,2028-09-03,2.74,1
Person_976,26,Female,Marketing,95182,2028-09-10,1.85,0
Person_977,24,Female,IT,108746,2028-09-17,3.31,1
Person_978,58,Male,Finance,96923,2028-09-24,4.39,0
Person_979,49,Female,Finance,85978,2028-10-01,4.01,1
Person_980,33,Male,Finance,45065,2028-10-08,4.53,0
Person_981,38,Female,IT,62457,2028-10-15,4.61,0
Person_982,45,Female,HR,90159,2028-10-22,4.21,1
Person_983,62,Female,Finance,96401,2028-10-29,4.22,1
Person_984,59,Female,IT,46763,2028-11-05,2.74,0
Person_985,28,Male,Marketing,41119,2028-11-12,2.06,1
Person_986,31,Female,Marketing,64038,2028-11-19,3.2,1
Person_987,21,Male,HR,80440,2028-11-26,1.92,1
Person_988,27,Male,Finance,71579,2028-12-03,3.77,0
Person_989,46,Male,Finance,102677,2028-12-10,1.46,0
Person_990,43,Female,HR,116038,2028-12-17,4.36,1
Person_991,54,Female,Finance,115804,2028-12-24,4.52,0
Person_992,51,Female,Marketing,60293,2028-12-31,1.46,1
Person_993,48,Female,HR,70588,2029-01-07,3.11,0
Person_994,38,Male,HR,118268,2029-01-14,2.07,1
Person_995,50,Female,Finance,113018,2029-01-21,2.98,0
Person_996,48,Female,HR,114561,2029-01-28,2.29,0
Person_997,20,Male,HR,79434,2029-02-04,3.42,0
Person_998,31,Male,IT,54209,2029-02-11,2.35,0
Person_999,63,Male,Finance,77563,2029-02-18,3.91,1
Person_1000,27,Female,IT,68521,2029-02-25,1.83,0
